,Elev.m  ,LatAppx ,LongAppx,Slope.deg,AspClass,Asp.deg  ,PDIR,HeatLoad,Landform,TopoClass,DrainageClass,SoilSeriesName,SoilGroupName,AHoriz ,B1Horiz,B2Horiz,B3Horiz,BHoriz ,GrazCurr,GrazPast,NotLogged,Quga.gt60cm,LogQuga.gt60cm ,TreeHt.m ,SppRich ,ThilTypeCode,FlxB.0.25,Abgr.s,Abgr.t,Acar,Acgld.t,Acma.s,Acma.t,Acmi,Adbi,Agha,Agre,Agse,Agte,Aica,ALL,Alpr,Amal.s,Amal.t,Apan,Aqfo,Arel,Arme.s,Arme.t,Avfa,Beaq.s,Brco,Brla,Brpu,Brri,Brse,Brst,Brvu,Caqu,CAR,Cato,Cear,Ceum,Ceve.s,Cipa,Civu,Coco.s,Coco.t,Cogr,Conu.s,Conu.t,CORY.t,Cost,Crca,Crdo.s,Crdo.t,Crox.s,Cyec,Cyfo,Cygr,Daca,Dacar,Dagl,Deel,Diar,Doel,Drar,Elgl,Erla,Erog,Eucr,Feca,Fede,Feel,Feme,Feoc,Feru,Frbr,Frcu,Frla.s,Frla.t,Frvi,GAL,Gema,Geog,Gepu,Haob,Haun,Hehe.s,Heke,Hemi,Hodi.s,Hola,Hyoc,Hype,Hyra,Irte,JUNC,Kocr,Laco,Lapo,Lasa,Liap,Libu,Lico,Lide.s,Lide.t,LILI,Loci.s,Lope,LOT,Lotr,Lumu,Maex,MAL.s,MAL.t,Maor,Mebu,Mila,Mope,Mosi,Nepa,ONGR,Osce.s,Osce.t,Osnu,Phca.s,Phle.s,Phpr,Phvi.s,Pipo.s,Pipo.t,Plla,Poco,Pogl,Pogr,Pomu,Popr,Povu,Prav.s,Prav.t,Prde.s,Prde.t,Prvu,Psme.s,Psme.t,Ptan,Ptaq,Pyco.s,Pyco.t,Pyfu.s,Pyfu.t,Quga.s,Quga.t,Raoc,Rhdi.s,Rhpu.s,Rhpu.t,Risa.s,Rodu.s,Roeg.s,Rogy.s,Romi.s,Ronu.s,Ropi.s,Ruac,Rula.s,Rule.s,Rupa.s,Rupr.s,Ruur.s,Sacr,Sado,Sagr,Seja,Siho,Smra,Smse,Syal.s,Taas,Taof,Tegr,Thoc,Toar,Trca,TRIF,Trla,Trov,Trpr,V.1,Valo,Viam,Viel.s,Vinu,VIOL,Zice
Stand01,91,44.48310089,123.3618011,1,SE.or.NW,315,0.910663009,0.914071202,Ridge,Open.slope.N.or.E,Poor,Amity,Alluvial,5,18,86,51,155,Yes,Yes,No,5,0.78,13.7,32,Quga.Rhdi,1,0,0,0,0,0,0,0.5,0,0,0,0,1,0,0,0,3,0,0,0,0,0,0,0,0,0,0.5,0.5,0,0,0,0,0,0,0,0,0,0,0,0,0.5,0,0,0,0,0,0,0,0.5,0,0,0,0,0,0,0,0.5,0,0,0,0,0.5,0,0,0,0.5,0,0,0,0,0,0,0,0.5,0,0.5,0.5,0,0,0,0,0,0,0,0,0,1,0,0,0,0,0,0,0,0,0,0,0,0,0,0,0,0,0.5,0,0,0,0,0,0,0,0,0,0,0,0,0,0,0,0.5,0,0,0,0,0,0,0,0,0,0,0,0.5,0.200000003,0,0,0,0,0,0,0,0,0,0,0,0.5,0,1,182,0,53,0.5,0,0,0.5,3,0.5,0,0,0,0,0,0,0,0,0,0,0.5,0,0,0,0,0,1,0,0,0,0.5,0.5,0,0,0.5,0,0,0,0,0.5,0,0,0,0
Stand02,106,44.66130066,123.2029037,7,SE.or.NW,315,0.852826595,0.893289208,Slope,Open.slope.N.or.E,Moderate,Peavine,Sedimentary,20,0,15,0,15,No,Yes,No,0,0,16.8,41,Quga.Rhdi,1,0,0,0,0,0.5,0.5,0.5,0.5,0,0,0,0.5,0.5,0,0,2,0,0,0.200000003,0,0,0,0,0,0,0.5,0,0,0,0,0,0,0,0,0,0,0,0,0,0,0,0.5,0,0,0,0,0,0.5,0,0,0.5,0,0,0,0,0.5,0,0,0,0,0.5,0,0,0,0.5,0,0,0,0,0.5,0,0,0.5,0,0.5,0.5,0,0,0,0,0,0,0,0,0,0.5,0,0.5,0,0,0,0,0,0,0,0,0,0,0,0,0,0.5,0,0,0,0,0,0,0,0,0,0,0,0,0,0,0,0,0.5,0,0,0,0,0,0,0,0,0,0,0.5,0.5,0.200000003,0,0,0,0,0,2,10,0,0,0,0,0,0,1,141,0,43,0,0,0,0.5,2,0.5,0,0,0,0,0,0,0,0,1,0,1,0,0,0,0,0,12,0,0,0,0.5,0.5,0,0,0.5,0,0,0,0,0.5,0,0,0,0
Stand03,152,44.76250076,123.2640991,6,S.or.W,180,0.944180489,0.930086553,Ridge,Open.slope.W.or.S,Well,Peavine,Sedimentary,18,0,53,0,53,Yes,Yes,No,9,1,22.2,35,Quga.Coco.Pomu,1,0,0,0,0,0.200000003,0,0,0.5,0,0,0,1,0,0,0,3,0,0,0,0.5,0,0,0,0,0,0.5,0.5,0,0,0,0,0,0.5,0,0,0,0,0,0,15,0,0,0,0,0,0,0,0.200000003,0,0,0,0,0,0,0,2,0,0,0,0,0.5,0,0,0,0,0,0,0,0,0,0,0,0,0,0.5,2,0,0,0,0,0,0,0,0,1,2,0,0.5,0,0,0,0,0,0,0,0,0,0,0,0,0,0,0,0,0,0,0,0,0,0,0.5,0,0,0,0,0,0,0,0.5,0,0,0,0,0,0,0,0,0,0,0.5,0.5,0.200000003,0,0,0,0,0,0,0,0,6,0,0,0,0,0.5,265,0,31,0.5,0,0,0,2,0,0,0.5,0,0,0,0,0,0,49,0,0.5,0,0,0,0,0,4,0,0,0,0,0.5,0,0,0.5,0,0,0,0,0.5,0,0,0,0
Stand04,91,45.0080986,123.2232971,5,N.or.E,90,0.897357285,0.870120287,Slope,Ridges.NE,Moderate,Peavine,Sedimentary,5,0,25,107,132,No,No,No,0,0,15.8,33,Quga.Amal.Syal,1,0,0,0,0,0,0,0,0,0,0,0,0.5,0,0,0,23,0,0,0,0,0,0,0,0,0,0.5,0,0,0,0,0,0,0.5,0.200000003,0,0,0,0,0,0.5,0,0,0,0,0,0,0,0,0,0,0,0,0,0,0,2,0,0,0,0,0.5,0,0,0,0,0,0,0,0,0.5,0,0,0,0,0.5,0.5,0,0,0,0,0,0,0,0,0,0.5,0,1,0,0.5,0,0,0,0,0,0.5,0,0,0,0,0,0,0,0,0,0,0,0,0,0.5,0,0,0,0,0,0,1,0,0.5,0,0,0,0,0,0,0,0,0,0,0.5,0.5,0.200000003,17,7,0,0,0,0.200000003,0,0,1,0,0,0,0,4,141,0,25,0,0,0,0,8,0,0,2,0,0,0,0,0,0,0,0,0,0,0,0,0,0,29,0,0,0,0,0.5,0,0,0,0,0,0,0,0.5,0,0,0,0
Stand05,152,45.13809967,123.3355026,10,N.or.E,0,0.790015757,0.815012336,Slope,Sheltered.slope.W.or.S,Good,Nekia,Basic.igneous,20,30,15,0,46,No,No,No,2,0.48,24.4,32,Quga.Coco.Pomu,5,0,0.5,1,0,0.5,27,0,0,0,0,0,0,0,0,0,3,0,0,0,0,0,0,0,0.5,0,0,0,0,0,0,0,0,0,0,0,0,0,0,0,22,0,0,0,0,0,0,0,0.5,0,0,0,0,0,0,0,0,0,0,0,0,0,0,0,0,0,0,0,0,0,0,0,0,0,0,0,0,0,0,0,0,0,0,0,0,7,0,0,0,0,0,0,0,0,0,0,0,0,0,0,0,0,0,0,0,0,0,0,0,0,0,0,0,0,0,0,0,4,0,0.5,0,2,0,0,0,0,0,0,0,0,5,0,0.200000003,1,0,0,0,0,7,5,0,0.5,0,0,0,0,0.5,108,0,0.5,3,1,0,0,3,0,0,0.5,0,0,0,0,32,0,0.5,0,0,0,0,0,1,0,21,0,0,0.5,0,0.5,0,0,0,0,0,0,0,0.5,0,0,0,0
Stand06,91,44.3973999,123.3215027,5,N.or.E,0,0.864995718,0.876277685,Slope,Sheltered.slope.W.or.S,Good,Nekia,Basic.igneous,28,0,64,51,114,Yes,Yes,No,1,0.3,18.9,51,Quga.Amal.Syal,1,0,0,0,0,5,2,0.5,3,0,0,0,0.5,0,0,0,12,0.5,0,0,0,0,0,0,0,0,0.5,0,0,0,0,0,0,0.5,0.200000003,0,0,0,0,0,0,0,0,0,1,0,0,0,1,0.5,0,0.5,0,0,0,0,1,0,0,0,0,0,0,0,0,0,0,0,0,0,0.5,0,0,0,0.5,0.5,0.5,0,0.5,0,0,0,0,0,0,0,1,0,0.5,0,0.5,0,0,0,0,0,0,0,0,0,0,0,0.5,0.5,0,0,0,0,2,1,0,0,0,0,0,0,0,1,0.5,0.5,0,0,0,0,0,0,0,0,0,0.5,11,0.5,0.200000003,0.5,2,0,0,0,0,0,0,6,0,0,0.200000003,0,8,134,0,13,0,0,0,0,7,0.5,0,1,0,0,0,0,0,0,3,0,0.5,0,0,0,0,0,18,0,0.5,0.5,0,0.5,0,0,0,0,0,0,0,0.5,0,0,0,0
Stand07,213,43.90230179,123.3352966,6,SE.or.NW,135,0.938731492,0.904705703,Slope,Open.slope.N.or.E,Good,Peavine,Sedimentary,5,32,79,51,161,Yes,Yes,No,6,0.85,18.3,37,Quga.Rhdi,1,0,0,0,0,1,0.5,0,0.5,0,0,0,0.5,0,0,0,0.5,0,0.5,0,0,3,39,0,0,0,0.5,0,0,0,0,0,0,0,0,0,0,0,0,0,2,0,0,0,0,0,0,0,0.200000003,0,0,0,0,0,0,0,0,0,0,0,0,0.5,0,0,0,0,0,0,0,0,0,0,0,0,0,0.5,0.5,0,0,0,0,0,0,0,0,0,0.5,0,0,0,0,0,0,0,0,0,0,0,0,0,0,0,0,0,0.5,0,0,0,0,0,0,0,0,0,0,0,0,0,0,0.5,0,0,0,0.200000003,0,0,0,0,0,0,0.5,0.5,0.200000003,0.5,0,0,0,0,0.5,0.5,0,0.5,0,0,0.5,0,3,130,0,24,0.5,0,0,0,0.200000003,0,0,0,0,0,0,0,0,0,2,0,0.5,0,0,0,0,0,0.200000003,0,0,0,0,0.5,0,0,0.5,0,0,0,0,0.5,0,0,0,0
Stand08,106,45.38370132,123.1825027,11,SE.or.NW,315,0.80673033,0.870428741,Slope,Open.slope.N.or.E,Good,Carlton,Sedimentary,8,0,30,76,107,No,No,No,2,0.48,22.2,30,Quga.Amal.Syal,1,0,0,0,0,0,0,0,0.5,0,0,0,0.5,0,0,0,3,0,0,0.200000003,0,0,0,0,0,0,0.5,0.5,0,0,0,0,0,0,0,0,0,0,0,0,0.200000003,0,0,0,0,0,0,0,0,0,0,0,0,0,0,0,0.200000003,0,0,0,0,0.5,0,0,0,0,0,0,0,0,0,0,0,0,0,0,7,0,0.200000003,0,0,0,0,0,0,0,0,0,0.5,0,0,0,0,0,0,0.5,0.5,0,0,0,0,0,0,0,0,0,0,0,0,0,0,0,0,2,0,0,0,0.200000003,0,0.5,0,0,0,0,0,0,0,0,0,0,0.200000003,0.5,0,1,0,0,0,0,0,0,0,0,0,0,0,0,0.5,254,0,22,0,0,0,0,0,2,0,0,0,0,0,0,0,0.200000003,0,1,0,0,0,0,0,0,50,0,0,0,0,7,0,0,0,0,0,0,0,1,0,0,0.5,0
Stand09,167,45.39820099,123.2029037,10,SE.or.NW,315,0.818045557,0.875035286,Slope,Sheltered.slope.N.or.E,Moderate,Carlton,Sedimentary,43,0,76,51,127,No,No,No,1,0.3,15.8,29,Quga.Amal.Syal,1,0,0,0,0.200000003,0,0,0,0,0,0,0,0,0,0,0,10,0,0,0,0,0,0,0,0,0,0.5,0,0,0,0,0,0.5,0,0,0,0,0,0,0,0,0,0,0,0,0,0,0,0,0,0,0,0,0,0.5,0,0,0,0,0,0,0,0,0,0,0,0,0,0,0,0,0,0,0,0,0.5,0.5,0,0,0,0,0,0,0,0,0,0,0,0.5,0,0,0,0,0,0,0,6,0,0,0,0,0,0,0,0,0,0,0,0,0,0,0,0,0.5,0,0,0,0.5,0,0.5,0,0,0,0,0,0,0,0,0,0,6,0.5,0.200000003,0,0,0,0,0,3,3,0,0,0,0,0,0,0,156,0,33,0.5,0,0,0,2,0,0,4,0,0,0,0,0,0.200000003,4,0.5,0.5,0,0,0,0,0,64,0,0,0,0.5,0.5,0,0,0,0,0,0,0,0,0,0,0,0
Stand10,167,45.32590103,123.1417007,7,SW,250,0.905640185,0.940629244,Ridge,Ridges.NE,Good,Steiwer,Sedimentary,13,28,0,30,58,No,No,No,5,0.78,22.6,38,Quga.Coco.Pomu,1,0,0,0,0,0.200000003,0,0,0,0,0,0,0,0,0,0,3,0,0,0,0,0,0,0,0,0,0.5,0,0,0,0,0,0,0.5,0.5,0,0,0,0,0,10,0,0,0,0,0,0,0,4,0,0,0,0,0.5,0,0,0,0,0,0,0,0.5,0,0,0,0,0,0,0,0,0,0.5,0,0,0,0,0.5,0,0.5,7,0,0,0,0,0,0,0.5,0,0.5,0,0.5,0,0,0,0,0.5,0,0,0.5,0,0,0,0,0,0,0,0,0,0,0,0,0.5,0,0,0,0,0,0.200000003,0,0.5,0,0,0,0,0,0,0,0,0,0,0,0,0.200000003,4,0,0,0,0,0.200000003,0,0,0,0,2,0,0,0,178,0,27,0.5,0,0,0,11,3,0,0,0,0,0.5,0,0,0,7,0.5,0,0,0,0,0,0,56,0,0,0.5,0,2,0,0,0,0,0,0,0,0.5,0,0.5,0,0
Stand11,182,45.15259933,123.2640991,22,N.or.E,90,0.816286027,0.6895504,Slope,Sheltered.slope.W.or.S,Well,Nekia,Basic.igneous,13,13,91,0,104,Yes,Yes,No,2,0.48,22.9,35,Quga.Coco.Pomu,1,0,0,0,0,5,0,0,0,0,0,0,0,0,0,0,0.5,0,0,0,0,0,0,0,0,0,0.5,0,0,0,0,0,0,0,0,0,0,0,0.5,0,72,0,0,0,0,0,0,0,0,0,0,0,0,0,0,0,0,0,0,0,0,0.5,0,0,0,0,0,0,0,0,0,0,0,0,0,0.5,3,0,0,0,0,0,0,0,0,0,0,0,0.200000003,0,0,0,0,0,0,0.5,28,0,0,0,0,0,0,0,0,0,0,0,0,0,0,0.5,0,0.5,0,0,0,0.200000003,0,0,0,0,0,0,0,0,0,0,0.5,0,17,0,0.200000003,0,0,0,0,0,0,0,0,0.5,0,0,0,0,0.5,161,0,27,0.5,0,0,0,3,0.5,0,0,0,0,0,0,0.200000003,0,4,1,0.5,0,0,0,0,0,29,0,0.200000003,0.5,1,0.5,0,0,0.5,0.5,0,0,0,0,0,0,0,0
Stand12,121,45.16699982,123.2845001,14,SE.or.NW,110,0.897934437,0.808538914,Draw,Open.slope.N.or.E,Well,Dixonville,Basic.igneous,13,33,30,0,64,Yes,Yes,No,1,0.3,14.6,33,Quga.Rhdi,1,0,0,0,0,0,0.5,0,0,0,0,0,0.5,0,0,0,2,0,0,0,0,0,0,0,0,0,0,0,0.5,0,0,0,0,0,0,0,0,0,0,0,2,0,0,0,0,0,0,0,0.5,0,0,0,0,0,0,0,0,0,0,0,0,0.5,0,0,0,0,0,0.5,0,0.200000003,0.5,0,0,0,0,0.5,0.5,0,0,0,0,0,0.200000003,0,0,0,0,0,0.5,0,0,0,0,0,0.5,0,0.5,0,0,0,0,0,0,0,0,0,0,0,0,0,0,0,0,0,0.5,0.5,0,0,0,0.5,0,0,0,0,0,0,0,0.200000003,0,0,0,0.5,0.200000003,0,0,0,0,0,0,0,0,0,0,0,0,0,0.5,108,0,78,0,0,0,0,17,0,0,0,0,0,0.5,0,0,0,0,0.5,0.5,0,0,0,0,0,0,0,0,0,0.5,1,0.5,0,0.5,0,0,0,0,0,0,0,0,0
Stand13,152,45.15259933,123.2845001,22,N.or.E,90,0.816286027,0.6895504,Slope,Sheltered.slope.W.or.S,Well,Nekia,Basic.igneous,13,13,64,51,127,Yes,Yes,No,1,0.3,18,38,Quga.Coco.Pomu,1,0,0,0,0,0.5,0,0,0.200000003,0,0,0,0.5,0,0,0,0,0,0,0,0,0,0,0,0.5,0,0.5,0.200000003,0,0,0,0,0,0,0,0,0,0,5,0,12,0,0,0,0,0,0,0,0,0,0,0,0,0,0,0,0,0,0,0,10,0.5,0,0,0.5,0,0,0,0,0.5,0.5,0,0,0,0,0,3,0,0,0,0,0,0,0,0.200000003,7,0,0.5,0,0,0,0,0,0,0,0,5,0,0,0,0,0,0,0,0,0,0,0,0,0,0,0.200000003,0,1,0,0.5,0.5,0,0,0.5,0,2,0,0,0,0,0,0,0,0,16,0,0.200000003,0,0,0,0,0,0,0,0,0,0,0,0,0,0.5,170,0,48,0,0,0,0,3,2,0,0,0,0,0,0,0,0,7,0.5,0.5,0,0,0,0,0,12,0,0,4,0,1,0,0,0.5,0,0,0,0,0,0,0,0,0
Stand14,152,45.15259933,123.2845001,19,SE.or.NW,315,0.718121648,0.830818117,Slope,Sheltered.slope.N.or.E,Well,Steiwer,Sedimentary,28,23,0,152,175,Yes,Yes,No,1,0.3,14.9,45,Quga.Coco.Pomu,1,0,0,0,0,1,3,0,0.200000003,0,0,0,0,0,0,0,0.5,0,0,0,0,0.5,0,0,1,0,0.5,0,0,0,0,0,0,0,0,0,0,2,1,0,2,0,0,0,0,0,0.200000003,0,0,0,0,0,0,0,0,0,0,0,0,0,7,0.5,0,0,0,0,0,0,0,0,0,0,0,0,0,0.5,2,0,0,0,0,0,0,0.200000003,0,13,0,0.5,0.200000003,0,0,0,0,0,0,0,1,0,0.200000003,0,0,0,0,0,0,0,0,0,0,0,0,0.5,0,0,0.200000003,0.5,0,0.5,0,0.5,0,0.5,0,0,0,0,0,0,0.5,0,8,0,0,0,0,0,0,0,0.5,0.5,0,0,0,0,0,0,0,182,0,39,0.5,0,0,0,23,4,0,0,0,0,0.5,0,0,0,23,0.5,0.5,0,0,0,0,0.5,38,0,0,4,0,0.5,0,0,0.5,0,0,0,0,0,0,0,0,0
Stand15,121,45.12369919,123.2029037,20,S.or.W,270,0.825609922,0.943757951,Slope,Open.slope.W.or.S,Well,Steiwer,Sedimentary,13,0,38,74,112,No,Yes,No,6,0.85,21,41,Quga.Amal.Syal,1,0,0,0,0,7,4,0,0,0,0,0,0,0,0,0,38,0,0.5,0,0,0,0,0,0,0,0.5,0,0,0,0,0,0,0,0.200000003,0,0,0,0,0,2,0,0,0,0,0,0,0,2,0,0,0,0,0,0,0,0.5,0,0,0,0,0.5,0,0,0,0,0,0,0,0,0.5,0,0,0,0,0,0.5,0,0,0,0,0,0,0,0,0,0,0,0.5,0,0.5,0,0,0,0,0,0.5,0,0,0,0,0,3,0,0,0,0.5,0,0,0,0,0.5,0,0,0,0.5,0,2,0,0.5,0,0,0,0,0,0,0,0,0,0,10,0.5,0.200000003,6,0,0,0,0,0,0,0,0,0,0,4,0.5,1,141,0,44,0.5,3,0,0,4,2,0,0.5,0.200000003,0,0,0,0,0,0,0,1,0,0,0,0,0,21,0,0,0.5,0,0.5,0,0,0,0,0,0,0,0.200000003,0,0,0,0
Stand16,198,45.21039963,123.2640991,11,N.or.E,90,0.870004237,0.803295076,Slope,Sheltered.slope.W.or.S,Well,Olympia,Basic.igneous,8,15,41,46,102,No,Yes,No,14,1.18,21.9,34,Quga.Amal.Syal,1,0,0,0,0,4,0,0,0,0,0,0,0,0,0,0,25,0,0,0.200000003,0,0,0,0,0,0,0.5,0,0,0,0,0,0,0,0,0,0,0,2,0,14,5,0,0,0,0,0,0,0,0,0,0,0,0,0,0,0,0,0,0,0,0.200000003,0,0,0,0,0,0,0,0.5,0,0.5,0,0,0.5,0,1,0,0,0,0,0,0,0,0,0,0.200000003,0,0.5,0,0,0,0,0,0,0,0.5,0,0,0,0,0,0,0,0,0,0,0,0,0,0,0,0,0,0.5,0,0,0,0,0.5,0,0,0,0,0,0,0,0,0,0,0.5,0,0.5,0.200000003,0,0,0,0,0,0,0,3,0,0,0,0,0.5,148,0,68,0,0,0,0,2,3,0,0,0,0,0,0,0.200000003,0,31,0,0.5,0,0,0,0,0,0.5,0,0,3,0,0.5,0,0,0,0,0,0,0,0.5,0,0.5,0,0
Stand17,76,44.99359894,123.1825027,3,N.or.E,0,0.872165561,0.88063097,Slope,Sheltered.slope.W.or.S,Poor,Carlton,Sedimentary,23,23,25,46,94,No,No,Yes,9,1,21.6,23,Quga.PRU.Syal,17,0,0,0,0,0,0,0,0,0,0,0,0,0,0,0,5,0,0,0,0,0,0,0,0,0,0,0,0,0,0,0,0,0,0,0,0,0,0,0,29,0,0,0,0,0,0,0,0,0,0,0,0,0,0,0,0,0,0,0,0,0,0,0,0,0,0,0,0,0,0,0,0,0,0,0,0.5,0,0,0,0,0,0,0,0,0,0,0,0,0,0,0,0,0,0,0,0,0,0,0,0,0,0,0,0,0,0,0,0,0,0,0,0,0,0,0,0,7,0,0.5,0,0,0,0,0,0,0,0,0,0,25,0,0.200000003,43,13,3,0.5,0,0,0.5,0,0.5,0,0,0.5,0,0.5,148,0,5,0,0,0,0,0,0,0,2,0,0,0.5,0,0,0,15,0,0,0,0,0,0,0,56,0,0,0.5,0,0.200000003,0,0,0,0,0,0,0,0,0,0,0,0
Stand18,137,44.99359894,123.1825027,17,S.or.W,270,0.846623421,0.944409788,Slope,Open.slope.W.or.S,Well,Steiwer,Sedimentary,27,0,81,0,81,No,No,Yes,6,0.85,19.8,22,Quga.PRU.Syal,17,0,0,0,0,0,0,0,0,0,0,0,0,0,0,0,20,0,0,0,0,0,0,0,0,0,0,0,0,0,0,0,0,0,0,0,0,0,0.5,0,21,0,0,0,0,0,0,0,4,0,0,0,0,0,0,0,0,0,0,0,0,0,0,0,0,0,0,0,0,0,0,0,0,0,0,0,0.5,0,0,0,0,0,0,0,0,0,0,0,0,0,0,0,0,0,0,0,0,0,0,0,0,0,0,0,0,0,0,0,0.200000003,0,0,0,0,0,0,0.5,0,7,0,0,0.200000003,0,0,0,0,0,0,0,0,0,12,0,0.200000003,28,3,0,0,0,0,0,0,0,0,0.200000003,0.5,0,0,150,0,19,0,0,0,0,0.5,1,0,8,0,0,0,0,0.200000003,0,0,0,0,0,0,0,0,0,66,0,0,0,0,0,0,0,0,0,0,0,0,0,0,0,0,0
Stand19,91,44.99359894,123.1825027,23,NE,65,0.733084738,0.636489391,Slope,Sheltered.slope.W.or.S,Well,Steiwer,Sedimentary,8,23,152,0,175,No,No,Yes,2,0.48,19.2,22,Quga.Coco.Pomu,5,0,0,0.5,0,0,0,0,0,0,0,0,0,0,0,0,8,0,0,0,0,0,0,0,0,0,0,0,0,0,0,0,0,0,0,0,0,0,0,0,42,0,0,3,0.5,0,0,0,0,0,0,0,0,0,0,0,0,0,0,0,0,0,0,0,0,0,0,0,0,0,0,0,0,0,0,0,0,0,0,0,0,0,0,0,0,21,0,0,0,0,0,0,0,0,0,0,0,0,0,0,0,0,0,0,0,0,0,0,0,0,0,0,0,0,0,0,0,19,0,0,0,0,0,0,0,0,0,0,0,0,66,0,0.200000003,32,17,0,0,0,0,0,0,0,0,0,0,0,0,120,0,17,11,3,0,0,0.200000003,1,0,1,0,0,0,0,12,0,2,0,0,0,0,0,0,0,11,0,0,0.5,0,0,0,0,0,0,0,0,0,0,0,0,0,0
Stand20,91,45.0080986,123.2232971,4,NE,45,0.875329196,0.865455091,Slope,Sheltered.slope.W.or.S,Good,Steiwer,Sedimentary,8,23,51,0,74,No,No,Yes,1,0.3,19.5,32,Quga.Coco.Pomu,1,0,0,0,0,0,0.5,0,0.5,0,0,0,0,0,0,0,4,0,0,0,0,0,0,0,0,0,0.5,0,0,0,0,0,0,0.5,0,0,0,0,0.5,0,31,0,0,0,0,0,0,0,0,0,0,0,0,0,0,0,0.5,0,0,0,0,0,0,0,0,0,0,0,0,0,0,0,0,0,0,0.5,0.5,0,0,0,0,0,0,0,0,2,0,0,0.200000003,0,0.5,0,0,0,0,0,0.5,0,0,0,0,0,0,0,0,0,0,0,0,0,0,0,0,0,0,0,0,0,0,0.5,0,0,0,0,0,0,0,0,0,0,46,0,0.200000003,12,0.5,0,0,0,0,0,0,7,0,0,0,0,0.5,208,0,37,1,0,0,0,2,1,0,0,0,0,0,0,0,0,0.5,0.5,0,0,0,0,0,0,23,0,0,0.5,0,0.5,0,0,0.5,0,0,0,0,0,0,0,0,0
Stand21,91,45.0080986,123.2232971,9,SE.or.NW,120,0.919131279,0.864835858,Slope,Sheltered.slope.N.or.E,Good,Steiwer,Sedimentary,18,19,38,0,57,No,No,Yes,10,1.04,21,29,Quga.PRU.Syal,1,0,0,0,0,15,3,0,0.5,0,0,0,0,0,0,0,10,0,0,0,0,0,0,0,0,0,0,0,0,0,0,0,0,0,0,0,0,0,0,0,2,0,0,0,0,0,0,0,0.200000003,0,0.200000003,0,0,0,0,0,0,0,0,0,0,0,0,0,0,0,0,0,0,0,0,0,0,0,0,0,0.5,0,0,0,0,0,0,0,0,0,0,0,0,0,0,0,0,0,0,0,0.5,0,0,0,0,0,0,0,0,0,0,0,0,0,0,0.200000003,0,0,0,0,0,0.5,0,0.5,0,0,0,0,0,0,0,0,0,0,18,0,0.200000003,47,18,0,0,0,0,0,0,0,0,0,0.200000003,0,0.5,241,0,16,0.5,0,0,0,0.5,3,0,0.5,0,0,0,0,0,0,10,0.5,0,0,0,0,0,0,34,0,0,0,0,0.5,0,0,0.5,0,0,0,0,0,0,0,0,0
Stand22,121,45.0080986,123.2232971,1,N.or.E,90,0.908846855,0.905438662,Ridge,Ridges.NE,Well,Steiwer,Sedimentary,28,13,30,30,74,No,No,Yes,2,0.48,18.3,18,Quga.Amal.Syal,17,0,0,0,0,0,0,0,0,0,0,0,0,0,0,0,67,0,0,0,0,0,0,0,0,0,0,0,0,0,0,0,0,0,0,0,0,0,0,0,0,0,0,0,0,0,0,0,0.5,0,0,0,0,0,0,0,0,0,0,0,0,0,0,0,0,0,0,0,0,0,0,0,0,0,0,0.5,0.5,0,0,0,0,0,0,0,0,0,0,0,0.5,0,0,0,0,0,0,0,0,0,0,0,0,0,0,0,0,0,0,0,3,0,0,0,0,0,0,0,0,0,0,0,0,0,0,0,0,0,0,0,0,0,0,0,0.200000003,0.200000003,0,0,0,0,0,0,0,0,0,0.200000003,0,0,0.5,150,0,16,0,0,0,2,6,1,0,5,0,0,0,0,0,0,0,0,0,0,0,0,0,0,58,0,0,0,0,0.5,0,0,0,0,0,0,0,0,0,0,0,0
Stand23,106,45.0080986,123.2232971,7,SE.or.NW,160,0.945949733,0.913888156,Slope,Open.slope.N.or.E,Well,Steiwer,Sedimentary,24,0,28,0,28,No,No,No,0,0,9.4,51,Quga.Rhdi,23,0,0,0,0,0,0,0.5,0,5,0,0.5,0,0.5,0,0,0.5,0,0,0,0.5,0,0,0,0,0.5,0,0,1,0,0,0.5,0,0.5,0,0.5,0.5,0,0,0,0,0,0,0,0,0,0,0.5,0,0,0,0,0,0,1,0.5,21,0,0,0,0,2,0.5,0,0,0.5,0.200000003,0,0.5,0,8,0,0.5,0,0,0,0.5,0,0,0.200000003,0,0,0,0,0,0,2,0,0.5,0.200000003,2,0,0.5,0,0.5,0,0,0,0,0,0,0,0,0,0,0.5,0,0.5,0,0,0,0,0.5,0,0,0,0,0,0,0.5,0,0,0.5,0,0,0,0.5,0,0,0,0,4,0,0,0,0,0,0.200000003,0,0,0,0,0,0,0,0,11,128,0.5,24,0,0,0,0,3,0,0,0,0,0,0,0,0,0,0,0.5,0,0,0,0.5,0,0,3,0,0,0,0,9,0,0,0,0,0.5,0,0,6,0,0,0,0.200000003
Stand24,91,45.0080986,123.2232971,1,SE.or.NW,345,0.898064256,0.902555525,Slope,Open.slope.N.or.E,Well,Steiwer,Sedimentary,18,18,0,38,56,No,No,Yes,10,1.04,19.5,20,Quga.Amal.Syal,17,0,0,0,0,0,0,0,0,0,0,0,0,0,0,0,65,0,0,0,0,0,0,0,0,0,0,0,0,0,0,0,0,0.200000003,0,0,0,0,0,0,0,0,0,0,0,0,0,0,0,0,0,0,0,0,0,0,0,0,0,0,0,0,0,0.5,0,0,0,0,0,0,0,0,0,0,0,0.5,4,0,0,0,0,0,0,0,0,0,0,0,0.5,0,0,0,0,0,0,0,0,0,0,0,0,0,0,0,0,0,0,0,2,0,0,0,0,0,0,0,0,0,0,0.200000003,0,0,0,0,0,0,0,0,0,0,0.200000003,0,0.200000003,0.5,0,0,0,0,0,0,0,0,0,0,0.200000003,0,0.5,196,0,15,0,0,0,0,3,1,0,2,0,0,0,0,0,0,0,0,0,0,0,0,0,0,60,0,0,0,0,0.5,0,0,0,0,0,0,0,0,0,0,0,0
Stand25,91,44.58300018,123.3013992,22,NE,35,0.675242364,0.645551682,Slope,Open.slope.N.or.E,Well,Steiwer,Sedimentary,5,10,33,0,43,No,No,Yes,0,0,11,32,Quga.Amal.Syal,5,0,0,0,0,0.5,0,0,0,0,0,0,0.5,0,0,0,23,0,0,0,0,0,0,0,0,0,0.5,0,0,0,0,0,0,0,0,0,0,0,0,0,0,0,0,0,0,0,0,0,0,0,0,0,0,0,0,0,0,0,0,0,10,0,0,0.5,0,0,0,0,0,0,0,0,0,0.200000003,0,0,0.5,0,0,0,0,0,0,0,0,28,0,0,0,0,0,0,0,0,0,0,3,0,0,0,0,0,0.5,0,0,0,0,0,0,0,0,0,0,0,0,0,0,21,0,0.200000003,0,3,0,0,0,0,0,0,0,0,3,0,0,4,0,0,0,0,0.5,5,0,0,2,0.5,0,0,1,173,0,25,0,0,0.5,0,0,4,0,0.5,0,0,0,0,0,0,0,0.200000003,0,0,0,0,0,3,16,0,0,0.5,0,0,0,0,0.5,0.200000003,0,0,0,0,0,0,0,0
Stand26,121,44.76250076,123.3049011,14,SE.or.NW,320,0.772536397,0.851906776,Draw,Sheltered.slope.N.or.E,Well,Steiwer,Sedimentary,10,18,15,157,191,No,No,Yes,8,0.95,15.2,36,Quga.Coco.Pomu,5,0,0,0,0,0.5,3,0,0.5,0,0,0,0,0,0,0,0,0,0,0,0,0,0.200000003,0,0,0,0.5,0,0,0,0,0,0,0,0,0,0,0,0.5,0,3,0,0,0,0,0,0,0,0.200000003,0,0,0,0,0,0,0,0.200000003,0,0,0,0,0.5,0,0,0,0.5,0,0,0,0,0,0,0,0,0,0,0.5,0,0.5,0,0,0,0,0,0,0.200000003,0.5,0,0.5,0,0.5,0,0,0,0,0.5,0.5,0,0,0,0,0,0,0,0,0,0,0,0,0,0,0.5,0,0,0,0,0,0,0,0.5,0,0,0,0,0,0,0,0,0,0,62,0,0.5,0,0,0,0,0,2,0.5,0,0,0,0,0,0,1,116,0,32,0,0.200000003,0,0,0,0.200000003,0,0,0,0,0,0,0,0,9,0.5,0.5,0,0,0,0,0,23,0,0,0.5,0.5,0,0,0,0,0,0,0,0,0,0,0,0,0
Stand27,106,44.87810135,123.2640991,10,NE,60,0.84007293,0.802521348,Slope,Sheltered.slope.W.or.S,Well,Steiwer,Sedimentary,10,15,79,0,94,No,No,No,14,1.18,20.7,40,Quga.PRU.Syal,1,0,0,0,0,0.5,1,0,0,0,0.5,0,0.5,0,0,0,0.5,0,0,0,0,0,0,0,0,0,0.5,0,0,0,0,0,0,0,0,0,0,0,0.200000003,0,1,0,0,0,2,0,0.5,0,0,0,0,0,0,0,0,0,0,0.5,0,0,0,0.200000003,0,0.200000003,0,0,0,0,0,0,0.5,0,0,0,0,0,0.5,0,0,0,0,0,0,0,0,0,0.5,0,0.5,0,0,0,0,0,0,0,0.5,0,0,0,0,0,0,0,0,0,0,0,0,0,0,0,0,0,0,0,0,0,0,2,0,0,0,0,0,0,0,0.5,0,0,9,0.5,0.200000003,75,45,0,0,0,0,3,0,0,0,0,0,0,0.5,135,0,7,0.200000003,0,0,0,0.5,0.5,0,0,0.5,0,0,0,0,0,21,0.5,0.5,0,0,0,0,0,45,0,0,0.5,0,0.5,0,0,0.5,0,0,0,0,0,0,0,0,0
Stand28,76,44.8492012,123.2845001,14,SE.or.NW,315,0.778540015,0.861209393,Slope,Open.slope.N.or.E,Good,Carlton,Sedimentary,33,28,56,51,135,No,No,Yes,17,1.26,21.6,26,Quga.Coco.Pomu,5,0.200000003,0,0.5,0,0.5,3,0,0.5,0,0,0,0,0,0,0,0.5,0,0,0,0,0,0,0,0,0,0,0,0,0,0,0,0,0,0,0,0,0,0.5,0,37,0,0,0,0,0.200000003,0,0,0,0,0,0,0,0,0,0,0,0,0,0,0,0,0,0,0,0,0,0,0,0,0,0,0,0,0,0,0,0,0,0,0,0,0,0,0,0,0,0,0,0,0,0,0,0,0,0,0.5,0,0,0,0,0,0,0,0,0,0,0,0,0,0,0,0,0.200000003,0,0,0,0,0,0.200000003,0,0,0,0,0,0,0,0,0,0,80,0,0.200000003,2,0,0,0,0,0.200000003,0,0,9,0,0,0,0,0,141,0,5,0,3,0,0,0,0,0,0,0,0,0,0,19,0,4,0.5,0,0,0,0,0,0,20,0,0,0.5,0,0,0,0,0,0.5,0,0,0,0,0,0,0,0
Stand29,152,44.96469879,123.3049011,29,SE.or.NW,350,0.544294834,0.639844835,Draw,Open.slope.N.or.E,Well,Steiwer,Sedimentary,33,0,30,56,86,Yes,Yes,No,22,1.36,21.3,34,Quga.Coco.Pomu,5,0,0.200000003,0,0,0.200000003,0,0,2,0,0,0,0,0,0,0,0,0,0,0,0,0,0,0,0,0,0.5,0,0,0,0,0,0,0,0,0,0,0,2,0,6,0,0,0,0,0,0,0,0,0,0,0,0.5,0,0,0,0,0,0,0,0,0.5,0,0.5,0,0,0,0,0,0,0,0,0,0,0,0,0.5,0,0,0,0,0,0,0,0,35,0,0,0,0,0,0,0,0.5,0,0,0.5,0,0,0,0,0,0,0,0,0,0,0,0,0,0,0,0,0,0.5,0.5,0,0.5,0,0.5,0,7,0,0,0,0,0,0,0,0,46,0,0.200000003,0.5,0,0,0,0,6,13,0,0,0,0,0,0,0.200000003,158,0,11,2,0,0,0,0,0,0,0,0,0,0,0.5,0,0.5,0.5,0,0,0,0,0,0.200000003,0,16,0,0,0.5,0,0,0,0,0,0,0,0,0,0,0,0.5,0,0
Stand30,198,44.8492012,123.3049011,2,NE,45,0.897216856,0.892982244,Slope,Sheltered.slope.N.or.E,Well,Carlton,Sedimentary,13,20,25,51,97,No,No,Yes,10,1.04,18.6,35,Quga.Coco.Pomu,1,0,0,0,0,0.5,0,0,0.5,0,0,0.5,0.5,0,0,0,0.200000003,0,0,0,0,0,0,0.200000003,0,0,1,0,0.5,0,0,0,0,0,0,0,0,0,0,0,0.5,0,0,0,0,0,0,0,0.5,0,0,0,0,0,0.5,0,0,0,0,0.200000003,0,0.5,0,0,0,0,0,0,0,0,0.5,0,0,0,0,0,0.5,0,0.5,0,0,0,0,0,0,0,4,0,0.5,0,0.5,0,0,0,0,0.5,0,0,0,0,0,0,0,0,0,0,0,0,0,0,0,0,0,0,0,0,0,0,0,0.5,0,0,0,0,0,0,0,0,0,0,4,0,0,0,0,0,0,0,0.200000003,0.5,0,0,0,0,0,0,0.5,262,0,22,0,0,0,0,0.5,3,0,0,0,0,0,0,0,0,39,0.5,0,0,0,0,0,0,65,0,0,0.5,0,0.5,0,0,0,0,0,0,0,0.5,0,0,0,0
Stand31,182,44.8492012,123.3049011,14,SE.or.NW,275,0.8510198,0.936359048,Slope,Open.slope.N.or.E,Well,Carlton,Sedimentary,30,0,33,132,165,No,No,Yes,10,1.04,20.7,32,Quga.Coco.Pomu,5,0,0,0,0,13,4,0,0.5,0,0,0,0,0,0,0,0.5,0,0,0,0,0,0,0,0,0,0.5,0,0,0,0,0,0,0,0,0,0,0,0,0,43,0,0,0,0,0,0,0,2,0,0,0,0,0,0,0,0,0,0,0,0,0,0,0,0,0,0,0,0,0,0,0,0,0,0,0,0.5,0,0.200000003,0,0,0,0,0,0,0,0.5,0,0.5,0,0,0,0,0,0,0,0,0,0,0,0,0,0.5,0,0,0,0,0,0,0,0,0.5,0,0,0,0,0,0,0,0.5,0,0,0,0,0,0,0,0,0,0,38,0,0.5,0.200000003,0,0,0,0,7,2,0,4,0,0,0,0,0,123,0,6,3,0,0,0,1,0.5,0,0.5,0.200000003,0,0,0,2,0,38,0,0.5,0,0,0,0,0,37,0,0,0.5,0,0,0,0,0,0,0,0,0,0,0,0,0,0
Stand32,198,44.8492012,123.3049011,22,SE.or.NW,305,0.716564655,0.85049063,Slope,Open.slope.N.or.E,Well,Steiwer,Sedimentary,13,43,66,0,109,No,No,Yes,9,1,18.9,18,Quga.Coco.Pomu,5,0,0,0,0,3,0,0,0,0,0,0,0,0,0,0,0,0,0,0,0,0,0,0,0,0,0,0,0,0,0,0,0,0,0,0,0,0,0,0,4,0,0,0,0,0,0,0,0,0,0,0,0,0,0,0,0,0,0,0,0,0,0,0,0,0,0,0,0,0,0,0,0,0,0,0,0.5,0,0,0,0,0,0,0,0,3,0,0,0,0,0,0,0,0,0,0,0,0,0,0,0,0,0,0,0,0,0,0,0,0,0,0,0,0,0,0,0,0.200000003,0,0,0,0,0,0,0,0,0,0,0,0,81,0,0.200000003,0.200000003,0,0,0,0,2,0,0,0.5,0,0,0,0,0,261,0,22,2,0,0,0,0.200000003,0.200000003,0,0,0,0,0,0,0,0,15,0,0,0,0,0,0,0,60,0,0,0.5,0,0,0,0,0,0,0,0,0,0,0,0,0,0
Stand33,243,45.02249908,123.1621017,9,S.or.W,270,0.883207798,0.933803082,Ridge,Ridges.NE,Well,Steiwer,Sedimentary,9,0,28,46,74,Yes,Yes,No,6,0.85,14.3,46,Quga.Rhdi,1,0,0,0,0,0,0,0.5,0,0,0,0.5,0.5,0,0,0,3,0,0,0,0,0,0,0,0,0,0.5,0,0.5,0.5,0,0,0,0.5,0,0,0,0,0,0,0,0,0,0,0,0,0,0,0.200000003,0,0,0.200000003,0,0,0.5,0,0.5,0,0,0,0,0.5,0,0.5,0,0,0,0,0,0,0.5,0,0,0,0,0.5,0.5,0,0,0.5,0.200000003,0,0,0,0,0.200000003,0.5,0,2,0,0.5,0,0,0,0,0,0,0,0,0,0,0,0.5,0,0,0,0,0,0,0,0,0.5,0.5,0,0,0,0,0,0,0.5,0,0,0,0,0,0,0,0,0,0,0,14,0.200000003,0.200000003,0,0,0,0,0.5,0,0,0,0,0.5,0,0,19,166,0,59,0,0,0,0,20,2,0,0,0,0.5,0,0,0,0,0,0.5,0.5,0,0,0,0,0,1,0,0.5,0,0,0.5,0,0.5,0,0,0,0,0.200000003,2,0,0,0,0
Stand34,121,45.0080986,123.3253021,6,SE.or.NW,340,0.848351657,0.87323314,Slope,Open.slope.N.or.E,Well,Steiwer,Sedimentary,18,33,43,0,76,No,No,No,15,1.2,19.5,16,Quga.Amal.Syal,17,0,0,0,0,0,0,0,0,0,0,0,0,0,0,0,45,0,0,0,0,0,0,0,0,0,0,0,0,0,0,0,0,0,0,0,0,0,0,0,0,0,0,0,0,0,0,0,0,0,0,0,0,0,0,0,0,0,0,0,0,0,0,0,0,0,0,0,0,0,0,0,0,2,0,0,0.200000003,0,0,0,0,0,0,0,0,0,0,0,0,0,0,0,0,0,0,0,0.200000003,0,0,0,0,0,0,0,0,0,0,0,0,0,0,0,0,0,0,0,0,11,0,0,0,0,0,0,0,0,0,0,0,0,3,0,0.200000003,2,0,0,0,0,0,0,0,0,0,0,0,0,0.5,175,0,8,2,0,0,0,0,0,0,4,0,0,0,0,0,0.200000003,0.200000003,0,0,0,0,0,0,0,72,0,0,0,0,0,0,0,0,0,0,0,0,0,0,0,0,0
Stand35,137,45.02249908,123.3049011,14,NE,35,0.763664126,0.744296968,Slope,Open.slope.N.or.E,Well,Steiwer,Sedimentary,15,0,104,51,155,Yes,Yes,Yes,4,0.7,14,38,Quga.Amal.Syal,1,0,0,0,0,0,0,0,0,0,0,0,0.5,0,0,0,10,0,0,0,0,0,0,0,0,0,0.5,0,0,0,0,0,0.200000003,0,0,0,0,0,0,0,0,0,0,0,0,0,0,0,0,0,0.200000003,0,0,0,0.5,0.5,0,0.5,0,0,0,0.5,0,0.200000003,0,0,0,0,0,0,0,0,0,0,0,0.5,0.5,0,0,0,0,0,0,0,0,0,0.5,0,0,0,0,0,0,0,0,0.5,6,0,0,0,0,0.5,0,0,0,0,0,0,0,0,0,0.5,0,0,0,0,0,1,0,0.5,0,0,0,0,0,0,0,0.5,0,0,4,0.5,0.200000003,0.5,0,0,0,0,0,0,0,0,0,0,0.5,0,0.5,148,0,44,0.200000003,0,0,0,0.5,0.5,0,0,0,0,0,0,0,0.5,0.5,0.200000003,0,0,0,0,0,0,55,0,0,0,0,0.5,0,0,0.5,0,0,0,0,0.5,0,0,0,0
Stand36,182,44.97919846,123.2232971,2,S.or.W,180,0.920594633,0.91636008,Ridge,Ridges.NW.or.SE,Good,Steiwer,Sedimentary,36,0,15,0,15,Yes,Yes,No,10,1.04,13.4,49,Quga.Rhdi,23,0,0,0,0,0,0,0.5,0,0,0,0.5,8,0.5,0,0,0.5,0,0.200000003,0,0,0,0,0,0,0,1,0,0.5,0.5,0,0.5,0,1,0,0,0.5,0,0,0,0,0,0,0,0,0,0,0.200000003,0,0,0.5,0,0,0,0.5,0,6,0,0,0,0,5,1,0,0,0,0,0,0,0,12,0,0.5,0,0,0,0.5,0,0,0,0,0,0,0,0,0,0.5,0,0.5,0,0,0,0.5,0,0,0.200000003,0,0.200000003,0,0,0,0,0,0.5,0,0,0,0,0,0,0,0,0,0,0,0,0,0.5,0,0.5,0,0,0.5,0,0,0,0.5,0,0,0.200000003,0,22,0.200000003,0.200000003,0,0,0,0,0,0,0,0,0,0.200000003,0,0,9,100,0,3,0,0,0,0,1,0,0,0,0,0,0,0,0,0,0,0.5,0.5,0.5,0,0,0,0,0.5,0.5,0.5,0,0,2,0,0.5,0,0,0,0,0,0.5,0,0,0,0
Stand37,152,44.97919846,123.2436981,11,NE,55,0.818266332,0.779470384,Draw,Sheltered.slope.W.or.S,Well,Steiwer,Sedimentary,18,0,15,0,15,Yes,Yes,No,4,0.7,12.2,40,Quga.Coco.Pomu,1,0,0,0,0,0,0,0.5,0.5,1,0,0,0,0,0,0,3,0,0,0,0,0,0,0,0.5,0,0.5,0,0,0,0,0,0,0,0,0,0,7,0,0,11,0,0,0,0,0,0,0,0.5,0,0,0,0,0,0,0,0.200000003,0,0,0,0.5,0.5,0,0,0,0.200000003,0,0,0,0.5,0,0,0,0,0,0,0.5,0,0,0,0,0,0,0,0,37,0.5,0,0.5,0,0.5,0,0,0,0,0,0,0,0,0,0,0,0.5,0,0,0,0,0,0.5,0,0,0,0,0,0,0,0,0,0,0.5,0,0,0,0,0,0,0,0,0,0,13,0.5,0.5,3,0,0,0,0,0,0,0,0,0,0.200000003,0,0,0.5,118,0,25,1,0,0,0,2,3,0,0.5,0,0,0,0,0,0,22,0,0.5,0,0,0,0,0,16,0,0,0.5,0.5,0.5,0,0,0,0,0,0,0,0,0,0,0,0
Stand38,228,44.87810135,123.3049011,11,SE.or.NW,330,0.791711748,0.848996222,Slope,Open.slope.N.or.E,Well,Steiwer,Sedimentary,15,0,15,130,145,No,Yes,No,11,1.08,15.8,33,Quga.Coco.Pomu,5,0,0,0,0,10,6,0,0.5,0.200000003,0,0,0,0,0,0,0.200000003,0,0,0,0,0,0,0,0,0,0.5,0,0,0,0,0,0,0,0,0,0,0,0,0,5,0,0,0,0,0,0,0,0,0,0,0,0,0,0,0,0,0,0,0,0,0,0,0,0,0,0,0,0,0,0,0,0,0.200000003,0,0.5,0.5,0,0,0,0,0,0,0,0,0,0.5,0,0.200000003,0,0,0,0,0,0,0.200000003,0.5,0,0,0,0,0,0,0,0,0,0,0,0,0,0,0,0,0,0,0,0,0,0,0.5,0,0,0,0,0,0,0,0,0,0,81,0.5,0.200000003,0.200000003,0,0,0,0,3,7,0,2,0,0,0,0,0.200000003,182,0,18,7,0.5,0,0,0.5,0.200000003,0,0,0,0,0,0,0,0,13,0,0.5,0,0,0,0,0,2,0,0,0.5,0,0,0,0,0,0,0,0,0,0,0,0,0,0
Stand39,182,44.87810135,123.3049011,3,SE.or.NW,315,0.881796122,0.902233362,Ridge,Ridges.NE,Well,Peavine,Sedimentary,23,15,41,51,107,No,Yes,No,14,1.18,15.8,41,Quga.Rhdi,1,0,0,0,0,0.200000003,0,0.200000003,0.5,0,0,0,0,0,0.5,0,0,0,0,0,0,0,0,0,0,0,0.5,0,0.5,0,0,0,0,0,0,0,0,0,0,0,0.5,0,0,0,0,0,0,0,0,0,0,0.5,0,0,0,0,0.5,0,0,0,0,0.5,0,0,0,0,0,0,0,0,0.5,0,0,0.200000003,0,0.200000003,2,0,0.200000003,0,0,0,0,0,0,2,10,0,0.5,0,0.5,0,0,0,0,0,0,0,0,0,0,0,0,0,0,0,0,0,0,0,0,0.5,0,0,0,0,0,0,0,0.5,0,0,0,0,0,0,0,0,0,0,2,0.5,0.200000003,0.200000003,0,0,0,0,0,0,0,0.5,0,0,0,0,2,218,0,86,0.200000003,0,0,0,0.5,0,0,0,0,0,0,0,0,0,26,0.200000003,1,0,0.5,0,0,0,0.5,0,0.200000003,0.5,0,0.5,0,0,0.5,0,0,0,0,0.5,0,0,0,0
Stand40,304,44.49729919,122.9393005,27,N.or.E,90,0.792919338,0.640390158,Draw,Sheltered.slope.W.or.S,Well,Olympia,Basic.igneous,8,0,23,41,64,Yes,Yes,No,2,0.48,14.9,28,Quga.Coco.Pomu,5,0,0,0,0,0.5,18,0,1,0,0,0,0,0,0,0,3,0,0,0,0,0,0,0,0,0,0.5,0,0,0,0,0,0,0.5,0,0,0,0,0,0,6,0,0,0,0,0,0,0,0,0,0,0,0,0,0,0,0,0,0,0,0,0,0,0,0,0,0,0,0,0,0,0,0,0,0,0,0,0,0,0,0,0,0,0,0,0,0.5,0,0,0,0,0,0,0,0,0,0,0,0,0,0,0,0,0,0,0,0,0,0,0,0,0.5,0,0,0,0,0,0.5,0,0.5,0,0,0,0,0,0,0,0,0,0,58,0,0.200000003,2,0.5,0,0,0,0,0,0,0.200000003,0,0,0,0,0.5,205,0,9,0.200000003,0,0,0,0.200000003,0.200000003,0,0,0,0,0,0,9,0,0,0.200000003,0.5,0,0,0,0,0,6,0,0,2,0,0,0,0,0,0,0,0,0,0.5,0,0,0,0
Stand41,182,44.51160049,122.9593964,10,SE.or.NW,135,0.941093445,0.884103715,Ridge,Ridges.NE,Moderate,Dixonville,Basic.igneous,3,15,36,0,51,Yes,Yes,No,0,0,6.7,38,Quga.Rhdi,23,0,0,0,0,0.200000003,0,0.5,0,0,0,0.200000003,2,0,0.5,0,0,0.5,0,0,0,0,0,0,0.200000003,0,0.5,0,0,0,0,0,0,0.5,0,0.5,0,0,0,0,0,0,0,0,0,0,0,0,0,0,0,6,0,0,2,0.200000003,0,0,0,0,0,0,0.5,0,0,0,0,0,0,0,7,0,0,0,0,0,0,0,0,0,0,0,0,0,0,0,3,0,0.5,0,0,0,0.200000003,0,0,1,0,0,0,0,0,0,0.5,0,0,0,0,0,0,0,0,0,0,0,0,0,0,0,0,0,0,0,0,0.200000003,0,0,0.5,0,0,0,0,19,0.200000003,0,0,0,0,0,0.5,0,0,0,0,0.200000003,0.5,0,6,148,0,3,0,0,0,0,0.5,0,0,0,0,0,0,0,0,0.200000003,0,0.5,0.200000003,0,0,0,0,0,0.200000003,0.5,0,0,0,0.5,0,0,0,0,0,0,0,0.5,0,0,0,0
Stand42,152,44.42589951,122.979599,2,S.or.W,270,0.911663353,0.921886623,Slope,Sheltered.slope.N.or.E,Well,Dixonville,Basic.igneous,30,0,3,0,3,Yes,Yes,No,13,1.15,18.6,33,Quga.Coco.Pomu,5,0.5,0.5,0,0,14,3,0,0,0,0,0,0.200000003,0,0,0,0.200000003,0,0,0,0,0,0,0,0,0,0.200000003,0,0,0,0,0,0,0,0,0,0,0,0,0,11,0,0,0.5,0,0,0,0,0.5,0,0,0,0,0,0,0,0,0,0,0,0,0,0,0,0,0,0,0,0,0,0,0,0,0,0,0,0.5,0,0,0,0,0,0,0,0,0,0,0,0.5,0,0,0,0,0,0,0,0,0,0,0,0,0,2,0,0,0,0,0,0,0,0,0,0,0,0,0,0,0,0,0.5,0,0,0,0,1,3,0,0,0,0,0.5,0,0.200000003,5,3,0,0,0,10,9,0.200000003,0,0,0,0,0,0.5,155,0,35,0.200000003,0,0,0,0.5,0,0,0,0,0,0,0,0,0,55,0,0.5,0,0,0,0,0,11,0,0,0,0,0.5,0,0,0,0,0,0,0,0.5,0,0,0,0
Stand43,182,44.26480103,122.9940033,24,SW,200,0.996397257,0.989791691,Slope,Ridges.NE,Well,Dixonville,Basic.igneous,4,38,0,15,53,Yes,Yes,No,4,0.7,10.7,61,Quga.Rhdi,23,0,0,0,0,3,3,0.5,0,0,0,0,0.5,0,0.5,0,0.200000003,0,0,0,0,0.200000003,0,0,0.5,0,0.5,0,0,0,0,0,0,0.5,0,0,0,0,0,0.200000003,0,0,0,0,0.200000003,0,0,0,0.5,0,0,0.5,0,0,0.5,0.5,0.5,0,0.200000003,0,0,0.5,0.5,0,0,0.200000003,0,0,0,0,0.5,0,0,5,0.5,0.5,0,0.5,0,0,0,0.200000003,0,0,0,0,0.5,0,0.5,0,0.5,0.5,0.5,0,0,0,0,0,0,5,8,0,1,0,0,0,0,0,0,0,0,0,0,0,0,0,0,0,0,0.5,0,0,0.200000003,0,0.200000003,0.5,0.5,0,0,0.200000003,0,6,0,0,0,0,0,0.5,0.5,0.5,0,0,0.5,3,0,0,1,138,0,22,0.200000003,0,0,0,6,0,0,0.5,0.5,0,0.200000003,0,0,1,0,0,0.5,0,0,0,0,0,0.200000003,0,0,0,0,0.5,0,0,0,0,0.5,0,0,0.5,0,0,0,0
Stand44,85,44.3368988,123.2145004,0,None,0,0.916916192,0.916916192,Valley.bottom,Bottomland,Poor,Amity,Alluvial,3,18,76,91,185,No,No,Yes,19,1.3,20.4,44,Quga.Amal.Syal,1,0,0,0,0,0.5,0,0,0,0,0,0,0.5,0,0,0,7,0,0,0,0.5,0.200000003,0,0,0,0,0,0,0,0,0.5,0,0,0.5,0,0,0,0,0,0,0,0,0,0,0,0,0,0,0.5,0,0.200000003,0,0,0,0,0.200000003,0.5,0,0,0,0,0.5,0,0,0,1,0,0,0,0,0,0.5,0,1,0,0.5,0.5,0,0,0,0,0,0,0,0,0.200000003,0.5,0,1,0,0,0,0,0,0.5,0,0,0,0,0,0,0,0,0,0,0,0,0,0.5,0,0,0,0,0,0,0,0,0.5,0,0.5,0,0,0,0,0,0,0,0,0,0,0.5,0.5,0.200000003,0,0,0,0,0,0.5,0,0,0,0,0,0.200000003,0,1,123,0,31,6,0,0,0,2,2,0,2,0,0,4,0,0,11,57,0,2,0,0,0,0,0,29,0,0,0.5,0,0,0,0,0,0,0,0,0,0.200000003,0.5,0,0,0
Stand45,198,44.56869888,123.3416977,22,SE.or.NW,340,0.65378207,0.746457934,Slope,Open.slope.N.or.E,Well,Dixonville,Basic.igneous,52,0,23,51,74,No,Yes,Yes,19,1.3,17.7,27,Quga.Amal.Syal,17,0,0,0,0,0,0,0,0,0,0,0,0.5,0,0,0.200000003,5,0,0,0,0,0,0,0,0,0,0,0,0,0,0,0,0,0.200000003,0,0,0,0,0,0.200000003,0.200000003,0,0,0,0,0,0,0,0,0,0,0,0,0,0,0.5,0.200000003,0,0,0,0,0.200000003,0,0,0,0,0,0,0,0,0,0,0,0,0,0,3,0,0,0,0,0,0,0,0,4,0,0,0,0,0,0,0,0,0,0,0,0,0,0,0,0,0,0,0,0,0,0,0,0,0,0,0,0,0,0,0,0,0,1,0,0,0,0,0,0,0,0,0,0,0.5,0.5,0.200000003,0.200000003,0,0,0,0,0,0,0,0.5,0,0,0.5,0,1,187,0,16,0,0,0,0,6,0,0,3,0,0.200000003,0,0,0,0,0,0.5,0,0,0,0,0,0,71,0,0,0,0,1,0,0,0,0,0,0,0,0,0,0,0,0
Stand46,91,44.52590179,123.3215027,1,N.or.E,0,0.902547061,0.905370414,Valley.bottom,Ravine,Poor,Amity,Alluvial,8,0,51,0,51,No,No,Yes,15,1.2,20.7,38,Quga.Coco.Pomu,1,0,0,0,0,0.5,0.5,0,0,0,0,0,0.5,0,0,0,5,0,0,0,0.5,0,0,0,1,0,0.5,0,0,0,0,0,0,0.5,0,0,0,0,0,0,33,0,0,0,0,0,0,0,1,0,0,0,0,0,0,0,0,0,0,0,0,0.5,0,0,0,0,0,0,0,0,0,0,0,0.200000003,0,0.5,2,0,0,0,0,0,0,0,0,0,0,0,0.200000003,0,0,0,0,0,0,0.200000003,8,0,0,0,0,0,0,0,0,0,0,0,0,0,0,0,0,0,0,0,0,1,0,0,0,0,0,0,0,0,0,0,0,0,10,0,0.200000003,0.200000003,0,0,0,0,0.5,0,0,0.5,0,2,0,0,1,253,0,29,0.5,0,0,0,5,1,0,3,0,0,0,0,0,1,9,0.5,1,0,0,0,0,0,47,0,0,0,0,0,0,0,0,0,0,0.5,0,0.5,0,0,0,0
Stand47,213,44.96469879,123.1417007,17,S.or.W,270,0.846919477,0.944705784,Slope,Open.slope.W.or.S,Well,Steiwer,Sedimentary,13,15,20,0,36,No,No,No,4,0.7,15.5,33,Quga.PRU.Syal,1,0,0,0,0,5,2,0,0,0,0,0,0.5,0,0,0,9,0,0,0,0,0,0,0,0,0,2,0,0,0,0,0,0,0,0,0,0,0,0,0,4,0,0,0,0,0,0,0,0.200000003,0,0,0,0,0,0,0,0,0,0,0,0,0.5,0,0,0,0,0,0,0,0,0.5,0,0,0,0,0.5,2,0,0,0,0,0,0,0,0,0,0,0,0.5,0,0,0,0,0,0,0,0,0,0,0,0,0,0.5,0,0,0,0,0,0,0,0,0,0,0,0,0,0,0.200000003,0,0.5,0,0,0,0,0,0,0,0,0.5,0,3,0,0.200000003,55,3,0,0,0,0.5,10,0,0,0,0,0,0,0.5,160,0,26,0.5,0,0,0,0.200000003,0,0.200000003,0,0,0,0,0,0,0,7,0,1,0,0,0,0,0,25,0,0,0,0,1,0,0,0,0,0,0,0,0.5,0,0,0,0
